Week,Greed,Predicted Points,Actual Points
2,True,144.06939527382104,120.68
3,True,146.01393564431802,92.82
4,True,149.51261679622553,101.32000000000001
5,True,149.06029908955924,154.78
6,True,149.79449760941438,93.28
7,True,145.363445953856,106.44
8,True,146.1920828595863,154.62
9,True,148.36177952913377,124.76
10,True,145.66892782239205,179.3
11,True,143.61826745010418,128.9
12,True,153.7124321025766,164.04
13,True,148.32938218111676,117.96
14,True,150.92786156107474,113.2
