Week,Greed,Predicted Points,Actual Points
13,True,154.2477635001473,130.06
14,True,154.7091773072746,138.85999999999999
