Year,Week,Name,Position,Salary,Predicted points
2016,8,Tom Brady,QB,8700,19.86964221254746
2016,8,Julio Jones,WR,9200,13.065793744561077
2016,8,Julian Edelman,WR,6500,11.893643525732923
2016,8,Jamison Crowder,WR,6200,11.870354711982653
2016,8,Spencer Ware,RB,7400,10.722087898835317
2016,8,Mark Ingram,RB,6200,11.270153867352455
2016,8,Steven Hauschka,PK,4800,9.76997678827802
2016,8,Travis Kelce,TE,5700,8.620217679978772
2016,8,PHI,Def,4800,11.271701092181504
