Year,Week,Name,Position,Salary,Predicted points
2016,5,Dak Prescott,QB,7300.0,19.203210342183816
2016,5,Michael Crabtree,WR,6900.0,17.72763374372857
2016,5,Julian Edelman,WR,7000.0,17.70677923376119
2016,5,Amari Cooper,WR,7200.0,18.78784602262045
2016,5,Melvin Gordon,RB,7700.0,18.110780652408685
2016,5,Ezekiel Elliott,RB,7900.0,19.14685906554814
2016,5,Dan Carpenter,PK,4600.0,14.00706646643069
2016,5,Martellus Bennett,TE,6300.0,18.00046246673355
2016,5,MIN,Def,4800.0,16.95393902515857
