Year,Week,Name,Position,Salary,Predicted points
2016,4,Russell Wilson,QB,8400.0,18.80357142857143
2016,4,Mike Evans,WR,8000.0,12.914398421270546
2016,4,Larry Fitzgerald,WR,7500.0,12.08428899775783
2016,4,Julio Jones,WR,8500.0,13.406835464457803
2016,4,Matt Jones,RB,6600.0,12.708562590660343
2016,4,DeAngelo Williams,RB,5900.0,13.142410936459527
2016,4,Matt Bryant,PK,4600.0,9.817573381520347
2016,4,Martellus Bennett,TE,6300.0,8.660667634363787
2016,4,SF,Def,4200.0,13.477355184161299
