Year,Week,Name,Position,Salary,Predicted points
2016,10,Russell Wilson,QB,7400.0,16.682231486044174
2016,10,Willie Snead,WR,6400.0,16.69996023148383
2016,10,Mike Evans,WR,8500.0,18.70259099834951
2016,10,Jordy Nelson,WR,7700.0,18.432987394650908
2016,10,Melvin Gordon,RB,8300.0,19.194039410941677
2016,10,Matt Forte,RB,7100.0,18.014213779628577
2016,10,Justin Tucker,PK,4800.0,12.45049283731573
2016,10,Coby Fleener,TE,5600.0,17.056030624097488
2016,10,JAC,Def,4100.0,15.011464338077655
