Year,Week,Name,Position,Salary,Predicted points
2016,14,Dak Prescott,QB,8000,20.66
2016,14,Jordy Nelson,WR,7100,14.565996417409014
2016,14,Dez Bryant,WR,7800,15.340758246509457
2016,14,Davante Adams,WR,6400,12.815502425379554
2016,14,Jay Ajayi,RB,7200,16.04443484507859
2016,14,Ezekiel Elliott,RB,8500,17.53292270949035
2016,14,Steven Hauschka,PK,4700,9.57976431783557
2016,14,Coby Fleener,TE,5300,9.432747572878467
2016,14,MIN,Def,4800,12.619761904761905
