Year,Week,Name,Position,Salary,Predicted points
2016,8,Tom Brady,QB,8700,19.86964221254746
2016,8,Julio Jones,WR,9200,13.065793744561077
2016,8,Julian Edelman,WR,6500,11.893643525732923
2016,8,Amari Cooper,WR,7500,12.158013328886119
2016,8,Mark Ingram,RB,6200,11.270153867352455
2016,8,Devonta Freeman,RB,6900,11.560307975241562
2016,8,Cairo Santos,PK,4600,10.013370804399857
2016,8,Coby Fleener,TE,5700,10.153317672023363
2016,8,CAR,Def,4500,11.893459405964162
