Year,Week,Name,Position,Salary,Predicted points
2016,10,Matt Ryan,QB,8600.0,18.957142857142856
2016,10,Mike Evans,WR,8500.0,11.672340625345912
2016,10,Julio Jones,WR,8800.0,13.502384372502414
2016,10,Emmanuel Sanders,WR,6900.0,11.191352599953003
2016,10,Tim Hightower,RB,6200.0,10.918442287350171
2016,10,Mark Ingram,RB,6300.0,11.235232407904812
2016,10,Justin Tucker,PK,4800.0,9.746186864355039
2016,10,Coby Fleener,TE,5600.0,8.984086363440856
2016,10,PIT,Def,4300.0,11.17791027914107
