Year,Week,Name,Position,Salary,Predicted points
2016,6,Tyrod Taylor,QB,7800.0,18.09642857142857
2016,6,Odell Beckham Jr.,WR,8300.0,12.842172128909368
2016,6,Michael Crabtree,WR,7000.0,11.967057145958272
2016,6,Marvin Jones,WR,7700.0,12.042551369843363
2016,6,Matt Jones,RB,6500.0,13.4070368928064
2016,6,LeSean McCoy,RB,8200.0,14.584306071353387
2016,6,Ryan Succop,PK,4500.0,9.634883906338077
2016,6,Jason Witten,TE,5600.0,9.615252758067943
2016,6,NYG,Def,4300.0,11.972184643432975
