Year,Week,Name,Position,Salary,Predicted points
2016,4,Matt Ryan,QB,7900.0,20.041409055492995
2016,4,Mike Evans,WR,8000.0,18.794518044922143
2016,4,Julio Jones,WR,8500.0,18.541928119558165
2016,4,DeSean Jackson,WR,6900.0,18.120929388293895
2016,4,Ezekiel Elliott,RB,8100.0,18.61171794109329
2016,4,DeAngelo Williams,RB,5900.0,18.655856744689295
2016,4,Ryan Succop,PK,4500.0,12.789708083495634
2016,4,Eric Ebron,TE,5800.0,16.53944949642895
2016,4,NYG,Def,4400.0,17.39653783809579
