Year,Week,Name,Position,Salary,Predicted points
2016,2,Kirk Cousins,QB,7800.0,18.770290624246268
2016,2,Demaryius Thomas,WR,7000.0,18.023498262548216
2016,2,Brandon Marshall,WR,7600.0,18.267279572984883
2016,2,Antonio Brown,WR,9200.0,19.968548928254414
2016,2,Matt Forte,RB,6800.0,17.551572426042057
2016,2,Devonta Freeman,RB,7400.0,18.94157064313542
2016,2,Dan Carpenter,PK,4600.0,13.234930916128905
2016,2,Jacob Tamme,TE,5100.0,15.254580251977256
2016,2,BAL,Def,4500.0,15.720025164933686
