Year,Week,Name,Position,Salary,Predicted points
2016,9,Marcus Mariota,QB,7600.0,18.486390095541353
2016,9,Willie Snead,WR,6500.0,17.264169834124104
2016,9,Brandin Cooks,WR,7600.0,19.436402131922236
2016,9,Amari Cooper,WR,7700.0,18.718255620550778
2016,9,DeMarco Murray,RB,8100.0,19.035407751635393
2016,9,Christine Michael,RB,7500.0,17.540785302130512
2016,9,Sebastian Janikowski,PK,4600.0,13.05055651032835
2016,9,Coby Fleener,TE,5800.0,17.800416332669453
2016,9,PHI,Def,4600.0,16.47190191445422
