Year,Week,Name,Position,Salary,Predicted points
2016,12,Marcus Mariota,QB,8300.0,18.744527471076324
2016,12,Willie Snead,WR,6400.0,17.480425315825176
2016,12,Michael Thomas,WR,6400.0,17.58454492308867
2016,12,Cole Beasley,WR,6400.0,17.686017887589955
2016,12,Le'Veon Bell,RB,9500.0,19.62820771442231
2016,12,Jay Ajayi,RB,8400.0,18.197058262710136
2016,12,Ryan Succop,PK,4500.0,12.978644760029155
2016,12,Jason Witten,TE,5600.0,17.570586200874516
2016,12,KC,Def,4500.0,16.52421324411472
