Year,Week,Name,Position,Salary,Predicted points
2016,4,Kirk Cousins,QB,7600.0,19.11785714285714
2016,4,Mike Evans,WR,8000.0,12.914398421270546
2016,4,Larry Fitzgerald,WR,7500.0,12.08428899775783
2016,4,A.J. Green,WR,8100.0,12.535664129376531
2016,4,Ezekiel Elliott,RB,8100.0,15.263986503961183
2016,4,DeAngelo Williams,RB,5900.0,13.142410936459527
2016,4,Dan Bailey,PK,4600.0,10.157584619966352
2016,4,Jason Witten,TE,6000.0,9.667428995351711
2016,4,SF,Def,4200.0,13.477355184161299
