Year,Week,Name,Position,Salary,Predicted points
2016,9,Marcus Mariota,QB,7600.0,18.04642857142857
2016,9,T.Y. Hilton,WR,7600.0,12.477330182134807
2016,9,Michael Crabtree,WR,7000.0,11.872739509376625
2016,9,Amari Cooper,WR,7700.0,12.931476273755699
2016,9,Devonta Freeman,RB,7600.0,13.207916462004174
2016,9,DeMarco Murray,RB,8100.0,14.319669012016664
2016,9,Wil Lutz,PK,4500.0,9.761305127075032
2016,9,Coby Fleener,TE,5800.0,9.810057480656344
2016,9,TB,Def,4100.0,11.607729390045456
