Year,Week,Name,Position,Salary,Predicted points
2016,13,Russell Wilson,QB,7700.0,17.814285714285713
2016,13,Mike Evans,WR,8500.0,14.804043220848671
2016,13,Jordy Nelson,WR,7400.0,15.165064237093176
2016,13,Davante Adams,WR,6800.0,13.1802338819731
2016,13,Tim Hightower,RB,6300.0,14.774368955138847
2016,13,Latavius Murray,RB,6700.0,15.175769577085182
2016,13,Stephen Gostkowski,PK,4900.0,9.788091428159467
2016,13,Jordan Reed,TE,7500.0,12.753989663372455
2016,13,DET,Def,4100.0,11.839583333333334
