Year,Week,Name,Position,Salary,Predicted points
2016,6,Dak Prescott,QB,7200.0,19.402163648618703
2016,6,Michael Crabtree,WR,7000.0,18.035653025608774
2016,6,Marvin Jones,WR,7700.0,18.830451412202656
2016,6,Amari Cooper,WR,7100.0,18.818666783228583
2016,6,LeSean McCoy,RB,8200.0,18.953373194287664
2016,6,Ezekiel Elliott,RB,8100.0,19.66818372421858
2016,6,Cairo Santos,PK,4700.0,13.21207391643684
2016,6,Jason Witten,TE,5600.0,15.899904541051068
2016,6,NYG,Def,4300.0,16.109994283051638
