Year,Week,Name,Position,Salary,Predicted points
2016,4,Dak Prescott,QB,7200,20.479569027494875
2016,4,Julian Edelman,WR,7200,12.069535376499356
2016,4,DeSean Jackson,WR,6900,12.084980696539493
2016,4,Amari Cooper,WR,7600,11.860900612243032
2016,4,Mark Ingram,RB,6800,12.033684369529878
2016,4,Ezekiel Elliott,RB,8100,13.268361382747749
2016,4,Matt Bryant,PK,4600,10.077860606692022
2016,4,Jason Witten,TE,6000,10.527988092702438
2016,4,ARI,Def,5300,13.101485888039726
