Year,Week,Name,Position,Salary,Predicted points
2016,15,Matt Ryan,QB,8500.0,20.69075981037908
2016,15,Michael Crabtree,WR,6000.0,17.453554054577157
2016,15,Julian Edelman,WR,6400.0,17.847491875167616
2016,15,Cole Beasley,WR,6300.0,17.26293190883073
2016,15,LeSean McCoy,RB,9000.0,19.774525919329996
2016,15,Le'Veon Bell,RB,9400.0,20.385920700681222
2016,15,Chris Boswell,PK,4600.0,13.615379297154727
2016,15,Jason Witten,TE,5000.0,16.928299567739614
2016,15,PHI,Def,4300.0,16.95641419084383
