Year,Week,Name,Position,Salary,Predicted points
2016,3,Alex Smith,QB,6800.0,18.228571428571428
2016,3,Mike Evans,WR,8000.0,13.096231747709599
2016,3,Doug Baldwin,WR,7200.0,12.259843272155456
2016,3,DeAndre Hopkins,WR,7900.0,12.454637655338665
2016,3,Matt Forte,RB,7500.0,13.041515226754472
2016,3,Latavius Murray,RB,7100.0,13.141686184817477
2016,3,Stephen Gostkowski,PK,5000.0,10.340898609596096
2016,3,Jason Witten,TE,6000.0,9.012363427113042
2016,3,KC,Def,4500.0,13.326504535382911
