Year,Week,Name,Position,Salary,Predicted points
2016,3,Derek Carr,QB,8100,19.829352154936352
2016,3,Julian Edelman,WR,6700,12.257184364850511
2016,3,Brandin Cooks,WR,8100,12.898392450663227
2016,3,Amari Cooper,WR,7700,12.335294348960645
2016,3,LeSean McCoy,RB,6700,11.520813170905804
2016,3,DeMarco Murray,RB,7700,12.782299282986706
2016,3,Sebastian Janikowski,PK,4600,10.073039846577638
2016,3,Jason Witten,TE,6000,9.892563640482221
2016,3,BAL,Def,4400,13.116664233735321
