Year,Week,Name,Position,Salary,Predicted points
2016,5,Tyrod Taylor,QB,7600.0,17.535714285714285
2016,5,Mike Evans,WR,7900.0,12.88466636075979
2016,5,Larry Fitzgerald,WR,7200.0,12.279560689649816
2016,5,Amari Cooper,WR,7200.0,12.17688839825418
2016,5,LeSean McCoy,RB,7800.0,14.990468437810481
2016,5,Ezekiel Elliott,RB,7900.0,14.892187932937432
2016,5,Dan Carpenter,PK,4600.0,9.67216235027376
2016,5,Jason Witten,TE,5800.0,9.408920924842784
2016,5,TB,Def,4000.0,12.265357554857474
