Year,Week,Name,Position,Salary,Predicted points
2016,13,Aaron Rodgers,QB,8500.0,19.678571428571427
2016,13,Jordy Nelson,WR,7400.0,13.362087971799014
2016,13,Doug Baldwin,WR,6900.0,11.600865009345739
2016,13,Davante Adams,WR,6800.0,12.189453470378218
2016,13,Tim Hightower,RB,6300.0,12.287101237546942
2016,13,Jordan Howard,RB,7400.0,13.698942854208388
2016,13,Stephen Gostkowski,PK,4900.0,9.966158025765635
2016,13,Jordan Reed,TE,7500.0,11.43953014428126
2016,13,KC,Def,4300.0,13.276967602149899
