Year,Week,Name,Position,Salary,Predicted points
2016,5,Dak Prescott,QB,7300,20.17062104731223
2016,5,Mike Evans,WR,7900,12.352007536155067
2016,5,Michael Crabtree,WR,6900,12.350254598449931
2016,5,Amari Cooper,WR,7200,12.159384975496842
2016,5,Ezekiel Elliott,RB,7900,13.22203885551765
2016,5,Devonta Freeman,RB,7400,12.250276014246722
2016,5,Dan Carpenter,PK,4600,9.824084467243733
2016,5,Jason Witten,TE,5800,10.541594443384565
2016,5,MIN,Def,4800,12.401937873159492
