Year,Week,Name,Position,Salary,Predicted points
2016,7,Tom Brady,QB,9100,19.5309163667278
2016,7,Julio Jones,WR,9200,12.628567899950871
2016,7,Julian Edelman,WR,6900,11.878083353625737
2016,7,Jordy Nelson,WR,8200,12.286166364871635
2016,7,LeSean McCoy,RB,9000,12.044996742550877
2016,7,Jordan Howard,RB,7000,11.17752779589464
2016,7,Robbie Gould,PK,0,9.684116670471578
2016,7,Martellus Bennett,TE,5800,9.794159950377304
2016,7,SEA,Def,4800,12.693760315304079
