Year,Week,Name,Position,Salary,Predicted points
2016,7,Kirk Cousins,QB,7300.0,18.842857142857145
2016,7,Odell Beckham Jr.,WR,8600.0,13.58840764326763
2016,7,Julian Edelman,WR,6900.0,11.876610174712269
2016,7,Amari Cooper,WR,7900.0,13.373294134177376
2016,7,Matt Jones,RB,6700.0,12.557225977074031
2016,7,Devonta Freeman,RB,7500.0,13.54303336919925
2016,7,Matt Bryant,PK,4700.0,10.122831320379959
2016,7,Martellus Bennett,TE,5800.0,10.613246581844516
2016,7,NYG,Def,4400.0,13.658484848484846
