Year,Week,Name,Position,Salary,Predicted points
2016,3,Russell Wilson,QB,8700,18.780793850424853
2016,3,Julian Edelman,WR,6700,12.257184364850511
2016,3,Jordy Nelson,WR,8300,12.600415819558965
2016,3,Brandin Cooks,WR,8100,12.898392450663227
2016,3,Mark Ingram,RB,6900,11.40630976715126
2016,3,LeSean McCoy,RB,6700,11.520813170905804
2016,3,Sebastian Janikowski,PK,4600,10.073039846577638
2016,3,Jacob Tamme,TE,5500,9.439180346771842
2016,3,TB,Def,4500,11.651186594651476
