Year,Week,Name,Position,Salary,Predicted points
2016,3,Philip Rivers,QB,8000.0,18.02857142857143
2016,3,Mike Evans,WR,8000.0,13.096231747709599
2016,3,Larry Fitzgerald,WR,7600.0,12.273423349587434
2016,3,Doug Baldwin,WR,7200.0,12.259843272155456
2016,3,Latavius Murray,RB,7100.0,13.141686184817477
2016,3,Lamar Miller,RB,7000.0,12.052962687347184
2016,3,Matt Bryant,PK,4700.0,9.651225194009958
2016,3,Travis Kelce,TE,6000.0,8.608922077730442
2016,3,BAL,Def,4400.0,11.981154405049656
