Year,Week,Name,Position,Salary,Predicted points
2016,14,Dak Prescott,QB,8000.0,17.771428571428572
2016,14,Jordy Nelson,WR,7100.0,14.565996417409014
2016,14,Dez Bryant,WR,7800.0,15.340758246509457
2016,14,Davante Adams,WR,6400.0,12.815502425379554
2016,14,Jay Ajayi,RB,7200.0,16.04443484507859
2016,14,Ezekiel Elliott,RB,8500.0,17.53292270949035
2016,14,Steven Hauschka,PK,4700.0,9.57976431783557
2016,14,Coby Fleener,TE,5300.0,9.432747572878467
2016,14,MIN,Def,4800.0,12.619761904761905
