Year,Week,Name,Position,Salary,Predicted points
2016,11,Tom Brady,QB,9300.0,17.84285714285714
2016,11,Odell Beckham Jr.,WR,9000.0,11.533335198191779
2016,11,Jordy Nelson,WR,7800.0,13.220733405959434
2016,11,Brandin Cooks,WR,7400.0,11.859441648181
2016,11,Tim Hightower,RB,6000.0,11.543932435372033
2016,11,Mark Ingram,RB,6100.0,10.873555981932869
2016,11,Sebastian Janikowski,PK,4600.0,9.90389334316687
2016,11,Jason Witten,TE,5500.0,9.316330664856695
2016,11,PHI,Def,4300.0,12.195525520947347
