Year,Week,Name,Position,Salary,Predicted points
2016,11,Dak Prescott,QB,7500,19.829992014342917
2016,11,Jordy Nelson,WR,7800,12.724034045404673
2016,11,Davante Adams,WR,7600,12.281709906614969
2016,11,Brandin Cooks,WR,7400,12.099581496637187
2016,11,Mark Ingram,RB,6100,11.386489434932283
2016,11,Ezekiel Elliott,RB,8700,13.034232974330095
2016,11,Stephen Gostkowski,PK,4900,10.685119355930196
2016,11,Jason Witten,TE,5500,10.257686538839897
2016,11,MIN,Def,4500,12.093662851599927
