Year,Week,Name,Position,Salary,Predicted points
2016,4,Russell Wilson,QB,8400.0,17.585714285714285
2016,4,Odell Beckham Jr.,WR,8700.0,14.026439102654024
2016,4,Mike Evans,WR,8000.0,14.40360465342661
2016,4,Julio Jones,WR,8500.0,15.090887572755403
2016,4,Tevin Coleman,RB,6100.0,13.819503235954475
2016,4,DeAngelo Williams,RB,5900.0,14.194339891651298
2016,4,Steven Hauschka,PK,4800.0,9.681395609397594
2016,4,Coby Fleener,TE,5400.0,10.397543136447501
2016,4,SF,Def,4200.0,11.201623931623933
