Year,Week,Name,Position,Salary,Predicted points
2016,7,Matthew Stafford,QB,7900.0,18.239111871385703
2016,7,T.Y. Hilton,WR,7800.0,18.54025132589952
2016,7,Odell Beckham Jr.,WR,8600.0,17.818289970433938
2016,7,Marvin Jones,WR,7700.0,18.277856815790912
2016,7,LeSean McCoy,RB,9000.0,19.113510136161047
2016,7,Le'Veon Bell,RB,8600.0,20.80302218319337
2016,7,Roberto Aguayo,PK,4500.0,13.35107639367579
2016,7,Zach Miller,TE,5500.0,15.100966907052978
2016,7,PHI,Def,4400.0,16.24797306261794
