Year,Week,Name,Position,Salary,Predicted points
2016,10,Russell Wilson,QB,7400,18.00195585648835
2016,10,Mike Evans,WR,8500,12.153598875872401
2016,10,Julio Jones,WR,8800,12.115834523181954
2016,10,Davante Adams,WR,7200,11.879457367252895
2016,10,Matt Forte,RB,7100,10.430142485181927
2016,10,Devonta Freeman,RB,7000,11.478124701680816
2016,10,Wil Lutz,PK,4500,9.59084835923966
2016,10,Jason Witten,TE,5400,9.687333037006656
2016,10,JAC,Def,4100,11.810068136981947
