Year,Week,Name,Position,Salary,Predicted points
2016,3,Kirk Cousins,QB,7200.0,18.071621323841057
2016,3,Mike Evans,WR,8000.0,19.037818556025922
2016,3,Jeremy Maclin,WR,7000.0,17.73081642539623
2016,3,Amari Cooper,WR,7700.0,18.00872262377669
2016,3,Devonta Freeman,RB,7400.0,17.62905368478361
2016,3,DeMarco Murray,RB,7700.0,17.394488428468385
2016,3,Dustin Hopkins,PK,4500.0,13.490530140097352
2016,3,Jason Witten,TE,6000.0,16.39335837390689
2016,3,TB,Def,4500.0,16.576283850255642
