Year,Week,Name,Position,Salary,Predicted points
2016,9,Matt Ryan,QB,8600.0,18.79285714285714
2016,9,T.Y. Hilton,WR,7600.0,12.477330182134807
2016,9,Mike Evans,WR,8300.0,11.666449776390728
2016,9,Michael Crabtree,WR,7000.0,11.872739509376625
2016,9,Melvin Gordon,RB,7800.0,12.602136461295759
2016,9,Latavius Murray,RB,6000.0,10.181658528672495
2016,9,Wil Lutz,PK,4500.0,9.761305127075032
2016,9,Coby Fleener,TE,5800.0,9.810057480656344
2016,9,TB,Def,4100.0,11.607729390045456
