Year,Week,Name,Position,Salary,Predicted points
2016,11,Kirk Cousins,QB,7600.0,18.174999999999997
2016,11,Jordy Nelson,WR,7800.0,13.220733405959434
2016,11,Davante Adams,WR,7600.0,11.629818071347275
2016,11,Brandin Cooks,WR,7400.0,11.859441648181
2016,11,Tim Hightower,RB,6000.0,11.543932435372033
2016,11,DeMarco Murray,RB,8500.0,15.31550412947609
2016,11,Sebastian Janikowski,PK,4600.0,9.90389334316687
2016,11,Coby Fleener,TE,5700.0,9.449383475083327
2016,11,MIA,Def,4800.0,12.7162664369619
