Year,Week,Name,Position,Salary,Predicted points
2016,14,Kirk Cousins,QB,7600.0,18.625873569518923
2016,14,Randall Cobb,WR,6000.0,17.409559494312667
2016,14,Mike Evans,WR,8900.0,18.715730546575465
2016,14,DeSean Jackson,WR,5800.0,17.188829427498614
2016,14,LeSean McCoy,RB,8300.0,19.182162589220844
2016,14,Le'Veon Bell,RB,9000.0,19.974704774739077
2016,14,Josh Lambo,PK,4600.0,12.576574808464937
2016,14,Jason Witten,TE,5100.0,15.852564729354313
2016,14,MIA,Def,4500.0,15.183177367589739
