Year,Week,Name,Position,Salary,Predicted points
2016,13,Tom Brady,QB,8500.0,17.464285714285715
2016,13,Odell Beckham Jr.,WR,9000.0,11.772378493592043
2016,13,Mike Evans,WR,8500.0,13.214773461041581
2016,13,Michael Thomas,WR,6900.0,11.445595602806922
2016,13,Tim Hightower,RB,6300.0,12.287101237546942
2016,13,Rob Kelley,RB,6100.0,11.598604960807432
2016,13,Stephen Gostkowski,PK,4900.0,9.966158025765635
2016,13,Coby Fleener,TE,5500.0,9.10975686660399
2016,13,KC,Def,4300.0,13.276967602149899
