Year,Week,Name,Position,Salary,Predicted points
2016,9,Philip Rivers,QB,8300.0,17.395765865143225
2016,9,Willie Snead,WR,6500.0,17.264169834124104
2016,9,T.Y. Hilton,WR,7600.0,17.77159069603296
2016,9,Michael Crabtree,WR,7000.0,16.976511701217348
2016,9,Melvin Gordon,RB,7800.0,17.411969064052244
2016,9,Devonta Freeman,RB,7600.0,17.53599881859776
2016,9,Sebastian Janikowski,PK,4600.0,13.05055651032835
2016,9,Jack Doyle,TE,5300.0,14.90952097203818
2016,9,PIT,Def,4400.0,15.837810289745157
