Year,Week,Name,Position,Salary,Predicted points
2016,7,Philip Rivers,QB,7800.0,17.639285714285716
2016,7,T.Y. Hilton,WR,7800.0,12.107009077200571
2016,7,Odell Beckham Jr.,WR,8600.0,13.58840764326763
2016,7,Julian Edelman,WR,6900.0,11.876610174712269
2016,7,Matt Jones,RB,6700.0,12.557225977074031
2016,7,LeGarrette Blount,RB,7100.0,12.428536883122817
2016,7,Sebastian Janikowski,PK,4600.0,9.885552896504175
2016,7,Zach Miller,TE,5500.0,7.741953599642266
2016,7,TB,Def,4300.0,12.29592315067973
