Year,Week,Name,Position,Salary,Predicted points
2016,8,Kirk Cousins,QB,7200.0,18.725
2016,8,Amari Cooper,WR,7500.0,12.774726886665304
2016,8,Alshon Jeffery,WR,6800.0,11.961217029977146
2016,8,A.J. Green,WR,8500.0,12.883046136981882
2016,8,Devonta Freeman,RB,6900.0,13.031427768147188
2016,8,DeMarco Murray,RB,8300.0,14.65747413547929
2016,8,Matt Bryant,PK,4800.0,9.674295930167167
2016,8,Martellus Bennett,TE,5400.0,9.475629295745374
2016,8,ARI,Def,4600.0,11.891500561034666
