Year,Week,Name,Position,Salary,Predicted points
2016,6,Dak Prescott,QB,7200,19.893616466834963
2016,6,Michael Crabtree,WR,7000,12.465089462619138
2016,6,Julio Jones,WR,8500,12.613569631926543
2016,6,Amari Cooper,WR,7100,12.439206284850158
2016,6,Matt Jones,RB,6500,12.316894343429423
2016,6,LeSean McCoy,RB,8200,12.857220435653327
2016,6,Sebastian Janikowski,PK,4700,10.068541256759955
2016,6,Jason Witten,TE,5600,10.218426321987659
2016,6,DEN,Def,5000,12.4512691883129
