Year,Week,Name,Position,Salary,Predicted points
2016,12,Kirk Cousins,QB,7400,19.47569134693114
2016,12,Julian Edelman,WR,6400,12.478899945896915
2016,12,Jordy Nelson,WR,8000,12.115017767120754
2016,12,Dez Bryant,WR,8000,12.912298390076034
2016,12,Tim Hightower,RB,6500,11.21900807485482
2016,12,Jay Ajayi,RB,8400,11.583012191373932
2016,12,Wil Lutz,PK,4800,9.915087131441414
2016,12,Jason Witten,TE,5600,10.383871818179058
2016,12,SD,Def,4600,12.512468456090698
