Year,Week,Name,Position,Salary,Predicted points
2016,12,Dak Prescott,QB,8000.0,18.646428571428572
2016,12,Willie Snead,WR,6400.0,11.49369042588854
2016,12,Jordy Nelson,WR,8000.0,12.782292784936226
2016,12,Brandin Cooks,WR,7300.0,13.12771963715296
2016,12,Mark Ingram,RB,6000.0,11.843129703955968
2016,12,Ezekiel Elliott,RB,8600.0,16.247794584484158
2016,12,Matt Bryant,PK,5100.0,9.891417178329025
2016,12,Delanie Walker,TE,6100.0,10.058537852689565
2016,12,KC,Def,4500.0,12.804800729219483
