Year,Week,Name,Position,Salary,Predicted points
2016,9,Drew Brees,QB,8600,19.68502214114534
2016,9,Mike Evans,WR,8300,12.2033012725578
2016,9,Michael Crabtree,WR,7000,12.226958810787695
2016,9,Brandin Cooks,WR,7600,12.414288041190321
2016,9,Latavius Murray,RB,6000,10.922951995519082
2016,9,Devonta Freeman,RB,7600,11.859097568417114
2016,9,Cairo Santos,PK,4700,10.06362210641018
2016,9,Coby Fleener,TE,5800,10.163350927107098
2016,9,PIT,Def,4400,12.115924952259688
