Year,Week,Name,Position,Salary,Predicted points
2016,7,Kirk Cousins,QB,7300,19.380015216007322
2016,7,Julio Jones,WR,9200,12.628567899950871
2016,7,Julian Edelman,WR,6900,11.878083353625737
2016,7,Amari Cooper,WR,7900,12.845898777188136
2016,7,LeSean McCoy,RB,9000,12.044996742550877
2016,7,Le'Veon Bell,RB,8600,12.089564558275057
2016,7,Robbie Gould,PK,0,9.684116670471578
2016,7,Martellus Bennett,TE,5800,9.794159950377304
2016,7,DEN,Def,5000,13.424472435771865
