Year,Week,Name,Position,Salary,Predicted points
2016,5,Matt Ryan,QB,7700.0,19.30303432297096
2016,5,T.Y. Hilton,WR,7700.0,17.813789160912954
2016,5,Mike Evans,WR,7900.0,19.023393716032714
2016,5,Michael Crabtree,WR,6900.0,17.72763374372857
2016,5,Melvin Gordon,RB,7700.0,18.110780652408685
2016,5,Ezekiel Elliott,RB,7900.0,19.14685906554814
2016,5,Roberto Aguayo,PK,4500.0,12.98854021937426
2016,5,Jacob Tamme,TE,5400.0,15.842009605005583
2016,5,TB,Def,4000.0,15.274921777735994
