Year,Week,Name,Position,Salary,Predicted points
2016,4,Matt Ryan,QB,7900,20.02143491352966
2016,4,Julio Jones,WR,8500,11.943846008728311
2016,4,Julian Edelman,WR,7200,12.069535376499356
2016,4,DeSean Jackson,WR,6900,12.084980696539493
2016,4,Matt Jones,RB,6600,11.935536002680676
2016,4,Mark Ingram,RB,6800,12.033684369529878
2016,4,Steven Hauschka,PK,4800,9.779615738352033
2016,4,Jimmy Graham,TE,6400,9.530517681404383
2016,4,NYG,Def,4400,11.418778649922146
