Year,Week,Name,Position,Salary,Predicted points
2016,8,Tom Brady,QB,8700.0,20.694813856384915
2016,8,T.Y. Hilton,WR,7800.0,18.377148699270613
2016,8,Michael Crabtree,WR,7100.0,17.65632914480625
2016,8,Marvin Jones,WR,7400.0,17.9508993712071
2016,8,LeGarrette Blount,RB,6600.0,17.741759481940626
2016,8,Devonta Freeman,RB,6900.0,17.54700086201437
2016,8,Stephen Gostkowski,PK,4900.0,12.851647182345772
2016,8,Zach Miller,TE,5500.0,15.845549673974858
2016,8,SD,Def,4200.0,15.269624722090889
