Year,Week,Name,Position,Salary,Predicted points
2016,12,Tom Brady,QB,9100.0,18.542857142857144
2016,12,Willie Snead,WR,6400.0,11.49369042588854
2016,12,Odell Beckham Jr.,WR,9000.0,12.43186383589752
2016,12,Mike Evans,WR,7900.0,11.874030510708636
2016,12,Tim Hightower,RB,6500.0,12.326806569290216
2016,12,Rashad Jennings,RB,6600.0,11.174044469603777
2016,12,Wil Lutz,PK,4800.0,9.634217750906366
2016,12,Jason Witten,TE,5600.0,8.919988966005818
2016,12,NYJ,Def,4000.0,11.274897007545993
