Year,Week,Name,Position,Salary,Predicted points
2016,9,Matt Ryan,QB,8600,19.579780620120566
2016,9,Mike Evans,WR,8300,12.2033012725578
2016,9,Michael Crabtree,WR,7000,12.226958810787695
2016,9,Julio Jones,WR,9000,12.577964894577228
2016,9,Mark Ingram,RB,6700,10.727284452947714
2016,9,Latavius Murray,RB,6000,10.922951995519082
2016,9,Wil Lutz,PK,4500,9.578652261190859
2016,9,Antonio Gates,TE,5500,8.812240782650907
2016,9,PIT,Def,4400,12.115924952259688
