Year,Week,Name,Position,Salary,Predicted points
2016,10,Dak Prescott,QB,7700,19.658665606772537
2016,10,Jordy Nelson,WR,7700,12.788663496115515
2016,10,Dez Bryant,WR,7500,11.977740176385682
2016,10,Davante Adams,WR,7200,11.879457367252895
2016,10,Devonta Freeman,RB,7000,11.478124701680816
2016,10,DeMarco Murray,RB,7400,12.053428905937718
2016,10,Andrew Franks,PK,4600,10.196054991474112
2016,10,Coby Fleener,TE,5600,9.733518187147439
2016,10,BAL,Def,5100,12.655533304615293
