Year,Week,Name,Position,Salary,Predicted points
2016,5,Matt Ryan,QB,7700,18.76967790382846
2016,5,Mike Evans,WR,7900,12.352007536155067
2016,5,Michael Crabtree,WR,6900,12.350254598449931
2016,5,Amari Cooper,WR,7200,12.159384975496842
2016,5,LeSean McCoy,RB,7800,12.523020184584198
2016,5,Ezekiel Elliott,RB,7900,13.22203885551765
2016,5,Dan Carpenter,PK,4600,9.824084467243733
2016,5,Jacob Tamme,TE,5400,9.20362272238323
2016,5,PHI,Def,4600,11.881028103424715
