Year,Week,Name,Position,Salary,Predicted points
2016,10,Marcus Mariota,QB,7400.0,17.439285714285713
2016,10,Jordy Nelson,WR,7700.0,11.655757484543086
2016,10,Emmanuel Sanders,WR,6900.0,11.191352599953003
2016,10,Brandin Cooks,WR,7300.0,11.537248698428712
2016,10,Devonta Freeman,RB,7000.0,13.486492208739751
2016,10,DeMarco Murray,RB,7400.0,14.448286161842768
2016,10,Justin Tucker,PK,4800.0,9.746186864355039
2016,10,Delanie Walker,TE,6200.0,10.516135852256086
2016,10,BAL,Def,5100.0,13.68553499278499
