Year,Week,Name,Position,Salary,Predicted points
2016,2,Tyrod Taylor,QB,6900.0,17.996428571428574
2016,2,Odell Beckham Jr.,WR,9400.0,12.284586800966132
2016,2,Doug Baldwin,WR,7000.0,12.505402038301106
2016,2,Demaryius Thomas,WR,7000.0,12.268474308520402
2016,2,Matt Forte,RB,6800.0,12.793455187344112
2016,2,Latavius Murray,RB,7100.0,12.526613185236053
2016,2,Steven Hauschka,PK,4800.0,9.684566791615675
2016,2,Travis Kelce,TE,6300.0,7.910432882824655
2016,2,TB,Def,4300.0,11.400537625848845
