Year,Week,Name,Position,Salary,Predicted points
2016,13,Tom Brady,QB,9300,16.350738939389224
2016,13,Julian Edelman,WR,6100,10.515332240670602
2016,13,Jordy Nelson,WR,7800,10.085429678702388
2016,13,Jamison Crowder,WR,6300,9.779629327723
2016,13,LeGarrette Blount,RB,7300,10.1732255004645
2016,13,Jay Ajayi,RB,7600,10.415923888817023
2016,13,Matt Prater,PK,4600,9.477396341315085
2016,13,Tyler Eifert,TE,6300,7.55274643859878
2016,13,PHI,Def,4300,11.181446848117384
