Year,Week,Name,Position,Salary,Predicted points
2016,3,Kirk Cousins,QB,7200.0,18.071621323841057
2016,3,Mike Evans,WR,8000.0,19.037818556025922
2016,3,Jeremy Maclin,WR,7000.0,17.73081642539623
2016,3,Brandin Cooks,WR,8100.0,18.79305551758911
2016,3,Devonta Freeman,RB,7400.0,17.62905368478361
2016,3,DeMarco Murray,RB,7700.0,17.394488428468385
2016,3,Sebastian Janikowski,PK,4600.0,13.316001950206985
2016,3,Jacob Tamme,TE,5500.0,15.397491353060651
2016,3,TB,Def,4500.0,16.576283850255642
