Year,Week,Name,Position,Salary,Predicted points
2016,8,Kirk Cousins,QB,7200.0,18.943561908973685
2016,8,T.Y. Hilton,WR,7800.0,18.377148699270613
2016,8,Michael Crabtree,WR,7100.0,17.65632914480625
2016,8,Amari Cooper,WR,7500.0,18.44110564549267
2016,8,LeGarrette Blount,RB,6600.0,17.741759481940626
2016,8,DeMarco Murray,RB,8300.0,19.935517886581273
2016,8,Dan Bailey,PK,4700.0,14.433839977109931
2016,8,Delanie Walker,TE,6500.0,18.10698012823326
2016,8,SD,Def,4200.0,15.269624722090889
