Year,Week,Name,Position,Salary,Predicted points
2016,13,Tom Brady,QB,8500.0,19.578800769504415
2016,13,Willie Snead,WR,6500.0,17.379860630298907
2016,13,Randall Cobb,WR,6300.0,17.329429457651948
2016,13,Michael Thomas,WR,6900.0,17.13403323022483
2016,13,Mark Ingram,RB,7000.0,17.632144555999695
2016,13,Le'Veon Bell,RB,9300.0,19.72960872358737
2016,13,Dustin Hopkins,PK,4700.0,13.501428454809592
2016,13,Tyler Eifert,TE,6800.0,16.032240323485862
2016,13,JAC,Def,4000.0,15.414789921934883
