Year,Week,Name,Position,Salary,Predicted points
2016,6,Tyrod Taylor,QB,7800.0,18.09642857142857
2016,6,Michael Crabtree,WR,7000.0,11.967057145958272
2016,6,Amari Cooper,WR,7100.0,12.911676658353715
2016,6,A.J. Green,WR,8400.0,13.470355056108277
2016,6,Matt Jones,RB,6500.0,13.4070368928064
2016,6,Ezekiel Elliott,RB,8100.0,15.00261047576614
2016,6,Stephen Gostkowski,PK,5000.0,9.731852042910075
2016,6,Jason Witten,TE,5600.0,9.615252758067943
2016,6,BAL,Def,4500.0,12.730514309764308
