Year,Week,Name,Position,Salary,Predicted points
2016,5,Tyrod Taylor,QB,7600.0,17.535714285714285
2016,5,Odell Beckham Jr.,WR,8500.0,12.039382909579952
2016,5,Mike Evans,WR,7900.0,12.88466636075979
2016,5,Larry Fitzgerald,WR,7200.0,12.279560689649816
2016,5,Todd Gurley,RB,7600.0,12.512971373883891
2016,5,Matt Jones,RB,6900.0,12.941293802232938
2016,5,Matt Bryant,PK,4800.0,9.619839950964337
2016,5,Jacob Tamme,TE,5400.0,8.735296973549923
2016,5,TB,Def,4000.0,12.265357554857474
