Year,Week,Name,Position,Salary,Predicted points
2016,2,Russell Wilson,QB,8400.0,19.024294591924793
2016,2,Mike Evans,WR,8100.0,17.965357177239145
2016,2,Demaryius Thomas,WR,7000.0,18.023498262548216
2016,2,Brandon Marshall,WR,7600.0,18.267279572984883
2016,2,Matt Forte,RB,6800.0,17.551572426042057
2016,2,Devonta Freeman,RB,7400.0,18.94157064313542
2016,2,Steven Hauschka,PK,4800.0,12.639413368103678
2016,2,Jacob Tamme,TE,5100.0,15.254580251977256
2016,2,KC,Def,4700.0,16.684043742803873
