Year,Week,Name,Position,Salary,Predicted points
2016,4,Kirk Cousins,QB,7600.0,19.863354578390556
2016,4,Mike Evans,WR,8000.0,18.794518044922143
2016,4,DeSean Jackson,WR,6900.0,18.120929388293895
2016,4,Amari Cooper,WR,7600.0,18.553658774898015
2016,4,DeMarco Murray,RB,7300.0,18.563950692406383
2016,4,DeAngelo Williams,RB,5900.0,18.655856744689295
2016,4,Sebastian Janikowski,PK,4700.0,13.421538294254237
2016,4,Jordan Reed,TE,7500.0,19.375005454796018
2016,4,NYG,Def,4400.0,17.39653783809579
