Year,Week,Name,Position,Salary,Predicted points
2016,8,Russell Wilson,QB,8200.0,17.835714285714285
2016,8,T.Y. Hilton,WR,7800.0,12.315378836805985
2016,8,Mike Evans,WR,7900.0,11.632383983649639
2016,8,Marvin Jones,WR,7400.0,12.223870531180818
2016,8,Spencer Ware,RB,7400.0,11.126647459417631
2016,8,LeGarrette Blount,RB,6600.0,12.381401040555865
2016,8,Stephen Gostkowski,PK,4900.0,9.84073162272689
2016,8,Martellus Bennett,TE,5400.0,9.475629295745374
2016,8,SD,Def,4200.0,11.291198810108547
