Year,Week,Name,Position,Salary,Predicted points
2016,12,Dak Prescott,QB,8000,20.504011554756687
2016,12,Julian Edelman,WR,6400,12.478899945896915
2016,12,Jordy Nelson,WR,8000,12.115017767120754
2016,12,Brandin Cooks,WR,7300,12.409530280252222
2016,12,Tim Hightower,RB,6500,11.21900807485482
2016,12,Ezekiel Elliott,RB,8600,14.107239662694724
2016,12,Stephen Gostkowski,PK,4800,10.120842632689868
2016,12,Jason Witten,TE,5600,10.383871818179058
2016,12,SD,Def,4600,12.512468456090698
