Year,Week,Name,Position,Salary,Predicted points
2016,11,Marcus Mariota,QB,8000,20.23572424205655
2016,11,Mike Evans,WR,8000,11.942689116792879
2016,11,Jordy Nelson,WR,7800,12.724034045404673
2016,11,Davante Adams,WR,7600,12.281709906614969
2016,11,Mark Ingram,RB,6100,11.386489434932283
2016,11,Jay Ajayi,RB,7600,11.420032418996225
2016,11,Stephen Gostkowski,PK,4900,10.685119355930196
2016,11,Jason Witten,TE,5500,10.257686538839897
2016,11,MIN,Def,4500,12.093662851599927
