Year,Week,Name,Position,Salary,Predicted points
2016,15,Tom Brady,QB,8100.0,18.392857142857142
2016,15,Odell Beckham Jr.,WR,8600.0,14.544938834167079
2016,15,Mike Evans,WR,8200.0,13.251128456395389
2016,15,Jordy Nelson,WR,7700.0,13.373249710544673
2016,15,Spencer Ware,RB,6700.0,11.804826579720622
2016,15,LeGarrette Blount,RB,6300.0,11.750148210364978
2016,15,Sebastian Janikowski,PK,4900.0,9.809708717803117
2016,15,Martellus Bennett,TE,5500.0,8.48960157941479
2016,15,SF,Def,4000.0,11.771556654692434
