Year,Week,Name,Position,Salary,Predicted points
2016,2,Alex Smith,QB,7000.0,18.242857142857144
2016,2,Doug Baldwin,WR,7000.0,12.505402038301106
2016,2,Demaryius Thomas,WR,7000.0,12.268474308520402
2016,2,Brandon Marshall,WR,7600.0,13.220201455827336
2016,2,Matt Forte,RB,6800.0,12.793455187344112
2016,2,Devonta Freeman,RB,7400.0,13.407854353148476
2016,2,Dan Carpenter,PK,4600.0,9.695356979920614
2016,2,Jordan Reed,TE,7400.0,10.546388670072208
2016,2,SEA,Def,5200.0,13.278143374741202
