"Position","Mean Absolute Error","Mean Squared Error","Explained Variance Score","Accuracy Score"
"QB","7.9330808294","99.7018337958","-0.291330050266","0.182897862233"
"WR","6.64737657977","64.8181217858","-0.138379036037","0.505651397977"
"RB","6.33817842172","57.5224700169","0.150952424158","0.589905362776"
"TE","4.56368058154","31.4631015615","-0.0193830679369","0.690607734807"
"PK","3.71412559209","20.589195521","-0.0387531122291","0.378531073446"
"Def","8.82727832724","108.959499139","-0.461284952153","0.302259887006"
