"Position","Mean Absolute Error","Mean Squared Error","Explained Variance Score","Accuracy Score"
"QB","5.490877","47.121437","0.351102","0.312821"
"WR","4.392003","35.396886","0.305557","0.537290"
"RB","3.708983","26.223301","0.430793","0.611696"
"TE","3.036960","19.903092","0.365656","0.694467"
"PK","3.489025","19.006974","0.023711","0.418410"
"Def","4.807378","35.643216","0.078762","0.341772"