"Position","Mean Absolute Error","Mean Squared Error","Explained Variance Score","Accuracy Score"
"QB","5.88996097727","51.0990265173","0.337148103719","0.268408551069"
"WR","4.60255163839","33.4875072934","0.278148636906","0.550862581797"
"RB","4.36909949902","32.4607638271","0.38417937322","0.608044164038"
"TE","3.52511921511","19.1221146596","0.289076696962","0.709392265193"
"PK","3.31314923749","16.64160466","0.0448458997905","0.457627118644"
"Def","5.63916338319","44.5012717945","0.0733017136533","0.432203389831"
