"Position","Mean Absolute Error","Mean Squared Error","Explained Variance Score","Accuracy Score"
"QB","5.74875296912","49.3267497104","0.373922551091","0.280285035629"
"WR","4.58872207726","32.9710565236","0.293279378371","0.561570493754"
"RB","4.30099588354","31.2910233466","0.408844221227","0.615141955836"
"TE","3.52404184905","18.7649629528","0.311143204653","0.71270718232"
"PK","3.31909857183","16.6191999733","0.0467424634395","0.457627118644"
"Def","5.67200273387","45.2136874441","0.0750899942885","0.40395480226"
