"Position","Mean Absolute Error","Mean Squared Error","Explained Variance Score","Accuracy Score"
"QB","6.16087342475","62.0324321743","0.31758501157","0.273159144893"
"WR","4.32094420965","37.8315523233","0.235589682027","0.561570493754"
"RB","4.15881190208","38.2116073792","0.318032285776","0.604100946372"
"TE","3.21989461622","20.3728669933","0.229325985983","0.703867403315"
"PK","3.37069575531","17.1259191415","-0.0172413103208","0.435028248588"
"Def","4.4876450954","31.2861469801","0.0765925438996","0.398305084746"
