"Position","Mean Absolute Error","Mean Squared Error","Explained Variance Score"
"QB","5.96634496098","57.8687131381","0.37362355219","None"
"WR","4.1410678844","32.3035921012","0.3002475923","None"
"RB","3.67059641381","30.9176681035","0.425579626975","None"
"TE","2.96179784669","17.8830167097","0.315236646236","None"
"PK","3.26147705929","16.2562552018","0.0374380725748","None"
"Def","4.33124356536","28.7385927722","0.166561809647","None"
