"Position","Mean Absolute Error","Mean Squared Error","Explained Variance Score"
"QB","6.04596739475","59.7928199665","0.357642145901","None"
"WR","4.27405206119","34.4592385388","0.251012372541","None"
"RB","3.76637206902","32.8710844519","0.390878575444","None"
"TE","3.14580068061","19.7095171715","0.240285305579","None"
"PK","3.34724760806","17.1159883239","-0.0122225738877","None"
"Def","4.42651526645","30.8054535956","0.100962492609","None"
