"Position","Mean Absolute Error","Mean Squared Error","Explained Variance Score"
"QB","5.73585564981","54.2499876908","0.377137248058"
"WR","4.13461081917","32.2752319417","0.301129991914"
"RB","3.70058708061","31.5045418596","0.418662785027"
"TE","3.00251649936","18.0027107468","0.308747279282"
"PK","3.26749067035","16.3641965997","0.0310898462971"
"Def","4.36376668002","28.8825559779","0.163656437723"
