"Position","Mean Absolute Error","Mean Squared Error","Explained Variance Score"
"QB","6.55224858274","71.5016478308","0.218635694849"
"WR","4.74600233679","42.6385935283","0.152087021553"
"RB","4.03110211014","34.8400133394","0.384999860207"
"TE","3.5156713365","23.9027366169","0.131037254327"
"PK","3.45457465363","17.686407886","-0.0439604825598"
"Def","4.24758937356","28.6049930841","0.131937014903"
