"Position","Mean Absolute Error","Mean Squared Error","Explained Variance Score","Accuracy Score"
"QB","6.31767644919","55.316439439","0.416904140445","0.426146010187"
"WR","4.51614680696","31.3650192534","0.305201841086","0.58429672447"
"RB","4.29237673138","31.2216809902","0.405275345169","0.645403377111"
"TE","3.46140101557","18.0213748685","0.307835361786","0.742759795571"
"PK","3.46952786509","18.0324504664","0.0427420180701","0.444987775061"
"Def","5.5858896237","43.8280340954","0.0582857616225","0.419117647059"
