"Position","Mean Absolute Error","Mean Squared Error","Explained Variance Score","Accuracy Score"
"QB","9.0362859212","126.949862701","-0.174911390467","0.168081494058"
"WR","6.70456943276","62.7596139413","-0.0883086432611","0.564065510597"
"RB","6.36807003076","57.7707865453","0.160942556531","0.623514696685"
"TE","4.84918216529","33.6448730946","-0.0573307081581","0.731686541738"
"PK","3.84897912277","21.8429734333","-0.0248393830504","0.371638141809"
"Def","10.4210499135","165.076615657","-1.2178829085","0.272058823529"
