"Position","Mean Absolute Error","Mean Squared Error","Explained Variance Score","Accuracy Score"
"QB","5.435162","48.305206","0.389890","0.264103"
"WR","4.193620","31.116383","0.314256","0.542973"
"RB","3.601285","25.405439","0.462461","0.592982"
"TE","3.091566","20.950363","0.332377","0.696945"
"PK","3.551694","19.229433","-0.067076","0.393305"
"Def","4.539061","33.635457","0.161228","0.324435"