"Position","Mean Absolute Error","Mean Squared Error","Explained Variance Score","Accuracy Score"
"QB","5.34275160465","48.7460493485","0.497269064822","0.410865874363"
"WR","4.17353959869","34.5070571229","0.250523991341","0.592485549133"
"RB","3.99374984139","35.3278461784","0.340127069747","0.647904940588"
"TE","3.15005639981","19.1863864869","0.211457571498","0.741908006814"
"PK","3.4355573533","17.9954909563","0.00727503121331","0.425427872861"
"Def","4.53480938304","32.5492251634","0.0395025421667","0.372549019608"
