"Position","Mean Absolute Error","Mean Squared Error","Explained Variance Score","Accuracy Score"
"QB","5.653183","50.386858","0.305938","0.328205"
"WR","4.352266","32.882062","0.279238","0.532356"
"RB","3.826070","28.022192","0.393047","0.612865"
"TE","3.278895","21.753863","0.268183","0.681055"
"PK","3.625480","20.551494","-0.055944","0.393305"
"Def","4.966131","38.934565","-0.006970","0.316456"