"Position","Mean Absolute Error","Mean Squared Error","Explained Variance Score"
"QB","5.10253628407","47.8613876096","0.513980586626","None"
"WR","3.94281172295","30.9660283366","0.295311685254","None"
"RB","3.46414520419","30.0016742143","0.430494464688","None"
"TE","2.81585210345","17.295611268","0.287753723665","None"
"PK","3.59296657337","19.5773308324","-0.0705288283987","None"
"Def","4.55427591401","31.9170969114","0.063685106852","None"
