"Position","Mean Absolute Error","Mean Squared Error","Explained Variance Score"
"QB","5.68272955478","56.7470179429","0.457658252731","None"
"WR","4.5122523319","38.4664749476","0.202494830582","None"
"RB","3.77853093369","32.0611027571","0.422191986434","None"
"TE","3.25604130802","20.9373164299","0.188868534827","None"
"PK","3.6272733088","19.6712023385","-0.0756740689475","None"
"Def","4.32360818523","29.4306470368","0.108672421357","None"
