"Position","Mean Absolute Error","Mean Squared Error","Explained Variance Score"
"QB","5.12858399224","46.806542545","0.529688273644","None"
"WR","3.91661681291","29.2626036421","0.333729381184","None"
"RB","3.48236398462","29.137907777","0.446104982078","None"
"TE","2.73551752472","15.9546212388","0.343730547502","None"
"PK","3.39210226849","17.4803801536","0.0405772141465","None"
"Def","4.35101022004","28.7561982698","0.157265857621","None"
