"Num players","Predicted Points","Actual Points"
"3","112.090752785","110.8"
"4","116.059920604","144.6"
"5","116.059920604","144.6"
"6","116.86175004","115.44"
"7","116.86175004","115.44"
